tract_geoid,fips_code,population,working_age_pop,labor_force_participation
24043001002,24043,3857,1925,1.0
24043010100,24043,910,431,0.9792060491493384
24043011202,24043,4613,1768,0.9966981132075472
24043000500,24043,5732,2793,1.0
24043010400,24043,7853,3340,0.9954472415640064
24043010500,24043,6541,2959,1.0
24043011600,24043,2985,1352,1.0
24043010801,24043,4644,1896,1.0
24043011301,24043,4822,2237,1.0
24043011000,24043,6501,5089,0.0
24043010300,24043,7534,3014,1.0
24043010700,24043,3465,1531,1.0
24043000302,24043,2674,1314,1.0
24045000300,24045,1483,553,1.0
24045010300,24045,8604,3431,1.0
24045010400,24045,6338,1929,1.0
24045000400,24045,4044,1641,1.0
24045010702,24045,8718,4228,1.0
24045000500,24045,3084,1377,0.9922630560928434
24045010604,24045,5279,2384,1.0
24041960900,24041,4143,1705,0.9943007452871547
24041960100,24041,4022,1676,1.0
24025301201,24025,2005,883,0.9972144846796658
24025301602,24025,8443,3748,0.9867117117117117
24025301702,24025,9536,4898,0.9694602272727273
24025302801,24025,3523,1377,0.9965753424657534
24025303201,24025,5569,2633,0.9954983922829582
24025303400,24025,4657,1897,0.9911397503020539
24025303603,24025,7135,3296,1.0
24025301202,24025,7208,3684,0.996237949682577
24025306100,24025,4190,1901,0.9946393762183235
24025306400,24025,6360,2912,0.979917469050894
24025301301,24025,3900,2065,0.9972552607502287
24025301401,24025,7498,3823,0.9800212539851222
24025302802,24025,4793,2285,0.9961430575035063
24025302200,24025,3223,1491,0.971709717097171
24025305200,24025,2888,1332,1.0
24025302400,24025,3872,1936,0.9878817256422685
24025303700,24025,3818,1538,1.0
24025305300,24025,1975,1006,1.0
24025306200,24025,2057,979,0.9918831168831169
24025306300,24025,2845,1364,0.9949676491732566
24033801313,24033,3164,1495,1.0
24033801408,24033,3246,1814,1.0
24033801409,24033,3121,1445,1.0
24009860701,24009,3055,1430,0.986232790988736
24009860802,24009,4781,2327,0.996031746031746
24009860200,24009,6138,2742,0.9776052553000896
24021752301,24021,5704,3176,0.9866628008118296
24021752302,24021,4210,1912,0.994954128440367
24021752303,24021,3392,1576,1.0
24021752501,24021,5216,2502,0.9940298507462687
24021752502,24021,2497,1150,1.0
24021752601,24021,4308,1838,1.0
24021752602,24021,2883,1260,0.9916317991631799
24021752603,24021,3791,1796,0.9959328927300457
24021752801,24021,2129,1000,0.9957947855340622
24021752802,24021,3656,1670,0.9970617042115573
24021753001,24021,4808,2245,1.0
24021753002,24021,2972,1312,1.0
24021765100,24021,3960,2138,1.0
24021766800,24021,5849,2061,0.9863341305090536
24021767500,24021,2521,1135,1.0
24021767600,24021,2952,1398,0.9987538940809969
24021770700,24021,3483,1635,0.99560546875
24021772200,24021,1454,843,1.0
24021773500,24021,4534,2134,0.9952006980802792
24021775302,24021,4703,2343,1.0
24021775400,24021,3581,1708,1.0
24021775600,24021,3936,2081,0.9940935938209905
24025301105,24025,3727,1699,0.9961333977767037
24025301106,24025,4286,2041,0.9893208030756088
24025301107,24025,3226,1706,1.0
24025301108,24025,3272,1587,0.9841107124551512
24025301204,24025,4082,2312,0.9928712871287129
24003740701,24003,6525,3389,0.9384699156003267
24003740702,24003,10227,5421,0.9078899746652189
24003751200,24003,4802,2434,0.9719753930280246
24031701304,24031,6047,2751,0.9948979591836735
24031701702,24031,2562,1327,1.0
24031700310,24031,6677,3932,0.9961468721668177
24031703403,24031,3718,1790,1.0
24031703902,24031,7457,3840,0.9709714285714286
24035810300,24035,4532,2055,0.9986504723346828
24035811000,24035,4296,2074,1.0
24035810700,24035,4006,1867,0.9943846513804399
24035810400,24035,5962,2895,1.0
24035810600,24035,5107,2204,0.9955106621773289
24035810100,24035,3052,1280,1.0
24017850902,24017,5533,2674,1.0
24003702300,24003,5591,2428,0.9921232876712329
24003706101,24003,3782,1587,0.9440526563234602
24003730300,24003,3706,1729,1.0
24003750102,24003,2487,1270,0.9942716857610474
24003750203,24003,1403,588,0.986449864498645
24003750300,24003,2873,1413,1.0
24003750803,24003,7680,3439,0.9711757269279393
24005402505,24005,3627,1725,1.0
24005402604,24005,6400,2924,1.0
24005403601,24005,4884,2138,1.0
24005404502,24005,3831,1934,1.0
24005404800,24005,2034,958,0.995571302037201
24005406000,24005,5846,2707,1.0
24005408800,24005,2489,1350,1.0
24005410100,24005,5693,2361,1.0
24005421000,24005,1973,759,1.0
24005430101,24005,5025,2498,1.0
24045010800,24045,5863,2354,1.0
24045010701,24045,4293,2076,0.9962779156327544
24045010102,24045,3575,1478,1.0
24045000100,24045,6177,2663,1.0
24045000200,24045,1760,976,1.0
24045010101,24045,6010,2735,0.9682881773399015
24045010200,24045,5867,2212,1.0
24045010603,24045,6926,3468,1.0
24015030501,24015,4287,1985,1.0
24015030100,24015,4720,1928,0.9927147239263804
24015030400,24015,5243,2248,1.0
24015030601,24015,3812,1826,1.0
24031700613,24031,6297,3216,0.9962765957446809
24031700614,24031,5135,2841,1.0
24031700615,24031,3005,1343,0.9931163954943679
24031700616,24031,4675,2126,1.0
24031700717,24031,7424,3784,1.0
24031700718,24031,6170,3321,0.9740397350993377
24031700719,24031,9595,4744,0.9966362325804902
24031700720,24031,3576,1597,0.9899408284023669
24031700722,24031,5203,2892,1.0
24031700723,24031,3735,1089,0.9784386617100371
24033801312,24033,4231,2250,0.9973214285714286
24033803608,24033,6097,2809,1.0
24033803613,24033,6142,3216,1.0
24033800211,24033,3437,1610,0.9877094972067039
24033800409,24033,5837,2563,0.9950179905895378
24033800605,24033,4801,2669,0.98559670781893
24033801309,24033,3467,1684,0.9912280701754386
24033801405,24033,4136,2123,0.9831460674157303
24033801406,24033,3126,1381,1.0
24033802002,24033,3625,1792,1.0
24033802406,24033,2331,1138,1.0
24033803606,24033,6055,2965,1.0
24033803900,24033,3442,1701,1.0
24033804002,24033,4117,1872,0.9913793103448276
24033805904,24033,3457,1682,1.0
24033806200,24033,3837,1907,1.0
24033806300,24033,2788,1561,0.9939867708959711
24033800103,24033,2409,1195,1.0
24033807408,24033,5660,2705,1.0
24033800105,24033,3909,1995,0.9957210098416773
24033800206,24033,4133,2119,1.0
24033800210,24033,3193,1781,1.0
24005452100,24005,3221,1317,1.0
24005400500,24005,2609,1093,1.0
24005402202,24005,1582,783,1.0
24005403802,24005,2825,965,1.0
24005408702,24005,2326,827,1.0
24005440100,24005,4474,2262,1.0
24005401503,24005,6297,3104,0.989821882951654
24005403602,24005,5677,2678,1.0
24005441000,24005,3980,1737,1.0
24005452500,24005,3909,1623,1.0
24005490605,24005,5123,118,0.9465
24005451803,24005,4432,2443,0.9910136592379583
24005430900,24005,4165,2129,1.0
24005452300,24005,2793,1563,1.0
24005491600,24005,3275,1271,1.0
24011955302,24011,3167,1538,1.0
24011955201,24011,3969,2069,0.996155694377703
24013501001,24013,4494,2017,0.9953859060402684
24013501002,24013,5028,2235,1.0
24013505205,24013,3465,1837,0.9773510585918267
24013505206,24013,3336,1379,0.9964747356051704
24013505207,24013,3875,2028,0.9965367965367965
24013505208,24013,4608,2086,0.9913606911447084
24013506101,24013,4499,2127,0.9960722702278083
24013506102,24013,4180,1950,1.0
24013507703,24013,3038,1132,1.0
24013507704,24013,5889,2939,1.0
24013508101,24013,5042,2171,1.0
24013508102,24013,2963,1584,0.9908519153802172
24013509001,24013,4589,2126,0.9907033144704931
24013509002,24013,2841,1384,1.0
24013513001,24013,4883,2163,0.9976571651698555
24013513002,24013,5503,2655,1.0
24015030905,24015,2672,1342,0.9859943977591037
24015030505,24015,4300,1838,0.9943609022556391
24015030506,24015,8418,4137,0.9946709916589435
24033801410,24033,3287,1479,1.0
24033801411,24033,3688,1507,1.0
24033801907,24033,2888,1323,1.0
24033801908,24033,3257,1559,1.0
24033802106,24033,4291,2242,1.0
24033802107,24033,3923,2105,1.0
24033802407,24033,3270,1940,1.0
24033802408,24033,1817,1115,1.0
24033803520,24033,4536,1864,1.0
24033803521,24033,6884,2942,0.9919378919080323
24033803522,24033,3625,1950,1.0
24033803523,24033,3731,1519,0.997164461247637
24033803524,24033,4678,2184,0.9943797671617824
24033803525,24033,2293,1258,0.9894109861019192
24033803526,24033,3181,1683,0.9961832061068703
24033803527,24033,3169,1629,1.0
24033804801,24033,2537,1711,0.9970828471411902
24033804802,24033,3126,1668,1.0
24033805906,24033,3730,1920,0.9958139534883721
24033805907,24033,3873,2188,1.0
24033805908,24033,2123,1264,1.0
24033805909,24033,5004,2989,1.0
24033806713,24033,3896,1869,0.972568578553616
24033806714,24033,4788,2402,1.0
24033807409,24033,4168,1969,1.0
24033807410,24033,4747,1917,0.989159891598916
24035810901,24035,5593,2673,0.9930116472545757
24035810902,24035,2993,1369,0.994061757719715
24035990000,24035,0,0,0.0
24035990100,24035,0,0,0.0
24035990200,24035,0,0,0.0
24037875000,24037,6137,3058,0.9862885634153942
24037875100,24037,5697,2568,1.0
24031701216,24031,4280,2448,0.9872611464968153
24031701314,24031,3105,1533,0.9873949579831933
24031701315,24031,4423,2447,1.0
24031701316,24031,6592,2844,1.0
24031701317,24031,4315,1884,0.9966301600673968
24031701418,24031,3445,1752,0.9971455756422455
24031700813,24031,5939,2827,0.9979709164693946
24031701214,24031,3819,2322,0.9783645031169783
24031705200,24031,3388,1247,1.0
24031701407,24031,5545,2450,0.9977542508822586
24031702101,24031,6459,2858,1.0
24031700206,24031,5787,2628,0.9978599816569856
24031700818,24031,6538,3383,0.9895561357702349
24031700901,24031,4293,2134,0.9571142284569139
24031701507,24031,5176,1971,0.9892037786774629
24013505203,24013,3844,2051,0.9950027762354248
24013506200,24013,5375,2511,1.0
24013503000,24013,5754,2665,1.0
24033803610,24033,3580,1811,1.0
24033803700,24033,2710,1287,1.0
24033804001,24033,5500,2480,1.0
24033805500,24033,3435,1750,1.0
24033805602,24033,5664,2951,1.0
24033806602,24033,5435,2715,1.0
24033806706,24033,3167,1562,1.0
24033806708,24033,4439,2433,1.0
24033806711,24033,5498,2968,0.9975323874151758
24033807200,24033,14369,546,0.9983025673668576
24033806400,24033,3775,1863,1.0
24033805601,24033,6655,3485,1.0
24033805700,24033,5782,2849,1.0
24033805801,24033,4523,2282,0.9974461875228019
24033806800,24033,4003,2062,0.9974304068522484
24033807404,24033,5476,2693,1.0
24033807405,24033,5374,2885,0.9955269779144534
24033800401,24033,2623,1375,0.9793471019320453
24033800505,24033,2482,1269,0.992872416250891
24033800604,24033,1615,798,1.0
24033800701,24033,7507,3791,0.9957003847024214
24033801104,24033,3079,1421,0.4437830687830688
24033801305,24033,6423,3205,1.0
24003751103,24003,5419,2729,0.9905228758169935
24003706500,24003,5736,3006,0.9824826336454243
24003706700,24003,6198,874,0.09183098591549296
24003730402,24003,5885,3023,0.9945962173521465
24003701102,24003,7549,4158,0.98301393728223
24003730401,24003,5535,2181,0.9943342776203966
24003730800,24003,2398,1078,0.9881141045958796
24003730901,24003,2723,1096,0.892882818116463
24003731309,24003,5407,2777,1.0
24003740203,24003,6222,3007,0.9867473350619418
24003740900,24003,7964,3878,0.9752650176678446
24003701400,24003,3753,1587,0.981694560669456
24003702601,24003,5407,2506,0.9956616052060737
24003707002,24003,4527,1950,0.9840510366826156
24003731202,24003,8352,4015,0.965427135678392
24003740303,24003,4237,2217,0.9630091438071487
24003740603,24003,2806,1284,0.30383663366336633
24003751102,24003,4162,2105,0.9850746268656716
24003730604,24003,7452,3304,0.9854395604395605
24003740201,24003,7228,3511,0.9868876793666502
24003740602,24003,3718,1898,0.6408719346049047
24003740800,24003,4810,1953,0.9939879759519038
24005400200,24005,2423,1333,1.0
24005400800,24005,2746,1341,1.0
24005401504,24005,6640,3282,1.0
24005402304,24005,3728,1865,1.0
24005402404,24005,4953,2284,1.0
24005420600,24005,4077,1651,1.0
24005411202,24005,3927,1458,1.0
24003740102,24003,10318,6256,0.9399600684540788
24003740400,24003,6264,5328,0.0
24003741000,24003,2623,1389,0.9466576637407157
24003750900,24003,2964,1529,1.0
24003751000,24003,3804,2073,0.9731414868105516
24003702500,24003,6876,3632,0.9801033591731266
24003702100,24003,6551,2896,0.9941469124963418
24003702402,24003,7050,2876,0.9795061728395061
24003730100,24003,12585,6924,0.9796876983623207
24003730203,24003,5254,2897,1.0
24003730204,24003,6412,3081,0.9941520467836257
24003701200,24003,8031,3859,0.9747970952584366
24003730601,24003,6924,3024,0.9942339373970346
24003730603,24003,3102,1361,0.9930915371329879
24003731103,24003,5771,2754,0.9752616555661275
24003731204,24003,6940,3691,0.9870598218073823
24003731306,24003,6185,2863,0.9959183673469387
24043001001,24043,4803,1874,1.0
24043010802,24043,2675,1148,1.0
24043011302,24043,3966,1794,1.0
24043010600,24043,5032,2188,1.0
24043011400,24043,6347,2636,0.9911321312444575
24043000900,24043,3808,1905,1.0
24043000301,24043,3296,1386,1.0
24043000400,24043,1838,888,1.0
24043010200,24043,4600,2121,0.9963235294117647
24043010900,24043,9188,4612,0.9965417867435159
24043011100,24043,6290,2921,0.9875671093529246
24043000602,24043,3024,1253,0.9951083158630328
24043011201,24043,9165,3903,0.9968418678096097
24043011500,24043,7800,3783,0.9992975883867946
24043000601,24043,2188,992,1.0
24005450900,24005,4268,1882,0.9906937394247038
24005451100,24005,2291,1067,1.0
24005451500,24005,3981,1749,1.0
24005451702,24005,1883,862,1.0
24005452000,24005,2584,1208,1.0
24005491900,24005,1841,910,1.0
24005491402,24005,3087,1652,1.0
24005400900,24005,1953,931,1.0
24005440500,24005,3362,1760,1.0
24005401000,24005,2371,971,1.0
24005401400,24005,1637,772,1.0
24031700724,24031,3568,2096,1.0
24031700721,24031,3296,1642,0.9914098029307731
24031700820,24031,2685,1360,1.0
24031700822,24031,1886,938,1.0
24031700823,24031,3428,1751,0.9961832061068703
24510260403,24510,1764,851,1.0
24510230200,24510,1982,1163,0.9954068241469817
24510260102,24510,4775,2351,1.0
24510260303,24510,969,449,1.0
24510260800,24510,2332,1243,1.0
24510270401,24510,4892,2366,1.0
24510280401,24510,3269,1376,1.0
24510270302,24510,1887,970,1.0
24510270702,24510,1912,1081,0.9942148760330578
24510270903,24510,5241,1679,1.0
24510271101,24510,1928,951,1.0
24510271801,24510,2700,1123,1.0
24510260201,24510,5901,2538,0.9526443138610439
24510260401,24510,4148,1950,1.0
24510270301,24510,3074,1559,1.0
24510270802,24510,5154,2202,1.0
24510270804,24510,2990,1632,1.0
24510270805,24510,5584,2898,1.0
24510271102,24510,4597,557,0.9961240310077519
24510271802,24510,2290,1006,1.0
24510280101,24510,3401,1651,1.0
24510280402,24510,1632,705,1.0
24510280403,24510,5468,2560,1.0
24510271300,24510,2455,1221,1.0
24510250103,24510,3378,1820,1.0
24510280102,24510,6231,2536,1.0
24037875201,24037,5366,2602,0.9946827366182205
24037875202,24037,6277,3007,0.9967320261437909
24037875300,24037,2789,1013,0.988619119878604
24033800504,24033,4904,2236,0.9925897035881436
24033805202,24033,3834,2366,1.0
24033802301,24033,3944,1831,1.0
24033801707,24033,6430,3200,1.0
24033801708,24033,3690,1753,0.9897109260166586
24033801905,24033,6128,3436,0.9882583170254403
24033802204,24033,6250,3174,1.0
24033802404,24033,4472,1962,1.0
24033802901,24033,3832,1764,0.9954337899543378
24033803300,24033,4377,1922,1.0
24033803516,24033,4875,2516,1.0
24033803519,24033,6184,3087,0.9917245061398825
24033803601,24033,3700,1570,1.0
24033804300,24033,3512,1557,1.0
24031701312,24031,6787,2875,0.996703018006594
24031701415,24031,7597,3339,0.9968538238141336
24031701417,24031,5929,3533,1.0
24031701900,24031,3357,1957,0.9960903562119896
24031702102,24031,3563,1669,0.9918308505526189
24031702301,24031,3650,1922,1.0
24015030906,24015,10052,4866,0.9972627737226277
24015031301,24015,3405,1746,0.9957828149710068
24015031302,24015,6782,2927,1.0
24017850101,24017,5996,3114,1.0
24017850102,24017,2490,1051,0.9833748960931006
24017850706,24017,5606,2766,0.9853269537480064
24017850708,24017,4875,2530,0.9700134770889488
24017850709,24017,6604,3413,0.9950344827586207
24005403300,24005,2406,1104,1.0
24025304202,24025,6936,3034,1.0
24025302100,24025,2146,879,0.987001733102253
24025302902,24025,4302,2091,1.0
24025303602,24025,3597,1653,1.0
24025305100,24025,7622,3398,1.0
24025301102,24025,3880,1721,1.0
24025301205,24025,4221,2354,0.9881588999236058
24025301703,24025,5016,2664,0.9881635581061693
24025301704,24025,3504,1790,0.9552972731336612
24025303101,24025,6037,2923,0.9893001735106999
24025303102,24025,2689,1204,0.9754689754689755
24025303203,24025,3626,1517,1.0
24025303204,24025,4473,2087,0.9947003668976763
24025303501,24025,6828,2888,0.986627043090639
24025303606,24025,3327,1548,0.9788961038961039
24025303801,24025,2656,1194,1.0
24033802103,24033,3340,1724,1.0
24033802805,24033,4575,2150,0.994345718901454
24033803513,24033,4339,2218,1.0
24033803607,24033,3743,1691,1.0
24033803803,24033,6020,2701,1.0
24033804200,24033,3204,1609,1.0
24033804900,24033,4062,1953,1.0
24031704700,24031,3412,1311,1.0
24031705902,24031,4269,1764,0.9855530474040632
24031706007,24031,6971,2727,1.0
24031706009,24031,5590,2069,0.9927325581395349
24015030903,24015,5060,2527,1.0
24015031202,24015,5526,2562,1.0
24015030700,24015,4793,2349,1.0
24015030904,24015,7508,3309,1.0
24015031201,24015,6051,2915,1.0
24015031400,24015,3886,1751,1.0
24015030200,24015,5241,2415,1.0
24015030503,24015,5489,2817,1.0
24015030602,24015,5307,2470,1.0
24011955500,24011,3683,1913,1.0
24011955400,24011,2063,946,1.0
24011955000,24011,3292,1575,1.0
24011955100,24011,6128,2681,1.0
24011955600,24011,4369,1859,1.0
24510160600,24510,3266,1819,1.0
24510240100,24510,3320,2431,0.991389913899139
24510260605,24510,4947,2393,1.0
24510271503,24510,876,308,1.0
24510100200,24510,2858,1350,1.0
24510150800,24510,4719,2238,1.0
24510170300,24510,1767,829,1.0
24510240400,24510,2721,1983,0.9802392095683827
24510270902,24510,5091,1522,0.9972590223846505
24510271002,24510,4250,1777,1.0
24510260402,24510,3315,1484,0.9865985960433951
24510271200,24510,6282,3081,1.0
24025301402,24025,2595,1314,1.0
24005403701,24005,6971,2787,0.990728476821192
24005404402,24005,6416,2813,0.9954727030625832
24005405000,24005,4398,1964,1.0
24005408302,24005,2768,1093,1.0
24005408601,24005,4102,1867,1.0
24005491000,24005,2320,933,1.0
24005451000,24005,1672,776,1.0
24005491300,24005,3554,1584,1.0
24005491401,24005,5471,2643,1.0
24005491500,24005,4322,2047,0.996219281663516
24005492102,24005,2038,1022,0.9968279143536876
24005492200,24005,4835,2340,1.0
24005402403,24005,2023,910,1.0
24005402405,24005,3925,2004,1.0
24005402504,24005,5006,2252,1.0
24005403201,24005,3170,1577,1.0
24005403702,24005,4827,2220,1.0
24005408900,24005,2495,1050,1.0
24005411102,24005,3201,1246,0.9950155763239875
24005408502,24005,5364,1736,1.0
24005408503,24005,3743,2008,1.0
24005408602,24005,2106,839,1.0
24005411407,24005,11332,4110,1.0
24005411409,24005,5070,2583,1.0
24005411410,24005,4514,2060,1.0
24005420100,24005,3827,1823,1.0
24005420200,24005,3017,1495,1.0
24005440300,24005,1970,946,1.0
24005440600,24005,2289,1082,1.0
24005440800,24005,3340,1540,1.0
24005490602,24005,2958,1540,1.0
24005492002,24005,3746,1830,1.0
24005401102,24005,898,331,1.0
24005401301,24005,4122,2231,1.0
24005401505,24005,4290,1964,0.9928943628612033
24003751400,24003,3935,1557,0.9874937468734367
24003751500,24003,6937,3330,0.9943533207851573
24033800608,24033,6378,3493,0.9886735464384596
24033800704,24033,4962,2707,0.9912310286677909
24033800705,24033,4135,2088,0.9867986798679867
24033800517,24033,5729,2920,0.9970904858888565
24033800706,24033,3829,1979,0.9818941504178273
24033800707,24033,3236,1537,0.981042654028436
24033807304,24033,2273,1058,1.0
24033807305,24033,3490,1662,1.0
24033800208,24033,8835,4736,1.0
24033800402,24033,5114,2431,0.991007868115399
24033800800,24033,3081,1627,0.9639303482587065
24033801207,24033,4285,2026,1.0
24033801702,24033,3944,2116,1.0
24033807301,24033,3492,1764,1.0
24033803100,24033,2590,1216,1.0
24033806601,24033,4359,2102,1.0
24033800102,24033,2541,1469,1.0
24033800509,24033,10110,4537,1.0
24033801701,24033,4267,1955,1.0
24005404404,24005,4934,2243,1.0
24005407001,24005,3067,1199,1.0
24005407002,24005,5577,2457,0.9972008397480756
24005408303,24005,3270,1410,1.0
24005408304,24005,4909,1722,1.0
24005451401,24005,4086,2064,1.0
24005451402,24005,4869,2536,1.0
24005492300,24005,3849,1740,1.0
24005492401,24005,3771,1849,1.0
24005492402,24005,6175,3325,1.0
24005980000,24005,0,0,0.0
24005411308,24005,3440,1608,1.0
24005411309,24005,8788,3954,0.9934714092751014
24031701408,24031,6712,2851,1.0
24033803612,24033,3213,1572,1.0
24033800106,24033,2648,1378,0.9920948616600791
24033803512,24033,6622,3587,0.9876822523881348
24033803602,24033,2352,936,0.9982332155477032
24031700824,24031,2722,1325,0.9883800410116199
24031700826,24031,5740,2700,0.9933953767637346
24031700828,24031,2209,1095,1.0
24031700829,24031,3262,1646,0.9956780118854673
24031700830,24031,2845,1856,0.9867864693446089
24031700832,24031,3434,1561,1.0
24031700833,24031,3890,1988,1.0
24031700834,24031,5107,2620,1.0
24031700835,24031,4836,2176,0.9928469241773963
24031701006,24031,5456,2149,1.0
24031701007,24031,3327,1834,0.9955925563173359
24031701218,24031,3155,1634,0.991494532199271
24031701219,24031,4180,2247,0.9673868732164697
24031701220,24031,3824,1662,0.9933333333333333
24031701221,24031,4466,2166,1.0
24003702204,24003,4352,1947,0.9801638637343683
24003702205,24003,5522,2700,0.9632716049382716
24003702206,24003,7300,3456,0.9947842579421526
24003702208,24003,7559,4047,0.9616755793226381
24003702209,24003,4403,2372,0.9840546697038725
24003702701,24003,4777,3178,0.9851688229725466
24003702702,24003,3533,1404,1.0
24003706301,24003,4422,1992,1.0
24003706302,24003,3211,1639,0.9842180774748924
24003708001,24003,3693,1782,0.9816831683168317
24003708004,24003,6228,2419,0.9944787268593699
24003730505,24003,4969,2355,0.9825018615040954
24003730506,24003,3358,1790,0.9958294717330862
24003731003,24003,4239,2003,0.9877949552481693
24003731004,24003,4409,2086,0.9835575485799701
24003731104,24003,4393,2031,0.9724378881987578
24003731105,24003,3606,1632,0.9621909840038778
24003740304,24003,5812,3563,0.9053443233182664
24003740305,24003,12121,6396,0.9257705341294175
24033801805,24033,2277,1381,1.0
24033801904,24033,3219,1560,1.0
24033802201,24033,2437,1260,0.9966777408637874
24033802804,24033,4837,2061,1.0
24033803401,24033,1405,812,1.0
24037875802,24037,4489,2043,0.9875050382910117
24037875901,24037,7078,3954,0.9346543996225525
24037875902,24037,8859,4631,0.982195265114459
24037876001,24037,5219,2678,0.9896354538956398
24037876002,24037,10425,5334,0.9457872928176796
24005411307,24005,3610,1901,0.9861607142857143
24005420401,24005,6894,2944,1.0
24005421102,24005,2666,1153,1.0
24005430700,24005,5102,2823,1.0
24005430800,24005,3509,1706,1.0
24005441101,24005,2305,1085,1.0
24005451200,24005,3875,1782,1.0
24005451300,24005,3754,1545,1.0
24005451802,24005,3818,1680,0.9944444444444445
24005452400,24005,3366,1463,1.0
24005490301,24005,7522,3078,1.0
24005490701,24005,1632,415,1.0
24005490800,24005,3273,1276,0.9952305246422893
24005402503,24005,4986,2400,0.9894900739587388
24005403500,24005,5185,2052,1.0
24005408200,24005,1850,772,1.0
24005408400,24005,1074,384,0.9939879759519038
24005408505,24005,3778,1912,1.0
24005408703,24005,6523,2997,1.0
24510280404,24510,2631,1174,0.996548748921484
24510090100,24510,3758,1867,1.0
24510200300,24510,1356,815,1.0
24510271501,24510,4161,2019,1.0
24510250203,24510,1940,833,1.0
24510110200,24510,5968,3612,1.0
24510020300,24510,3761,2777,1.0
24510150400,24510,3824,1639,1.0
24510010200,24510,2858,2042,1.0
24510060400,24510,1561,785,1.0
24039980400,24039,3989,3195,1.0
24005402305,24005,2053,1015,1.0
24037875400,24037,6407,2954,0.996378998189499
24037875500,24037,11850,5451,0.9632473944048272
24037875600,24037,8545,4514,0.9718503937007874
24037875700,24037,7271,3135,0.9907255864702673
24037875801,24037,1441,607,0.32231404958677684
24013504202,24013,6581,3092,0.9927741935483871
24013507500,24013,4738,1540,0.992274678111588
24013504201,24013,6080,2788,1.0
24013514100,24013,3536,1678,1.0
24013502000,24013,3586,1630,1.0
24013505102,24013,5709,2721,0.9976268169682587
24013504100,24013,5009,2519,1.0
24013508200,24013,6934,3287,1.0
24031702700,24031,7596,3556,0.9952021932830706
24031702401,24031,2498,1218,0.9934895833333334
24031702500,24031,8075,5387,1.0
24031702601,24031,4419,2890,0.9947043248014121
24031703100,24031,4605,2363,0.994261119081779
24031703800,24031,3756,2238,0.9838836477987422
24031704200,24031,2098,1014,0.9908637873754153
24031705000,24031,4690,2084,0.8446940356312935
24031700103,24031,5248,2273,0.9971061093247588
24031700306,24031,7814,3792,0.9972731779871096
24031700606,24031,4344,2002,0.9973107952362659
24031700604,24031,6462,2732,0.9958677685950413
24031700710,24031,7044,3606,0.9961240310077519
24031700716,24031,8355,4077,1.0
24031700904,24031,3424,1881,0.9841843651152282
24031701001,24031,5700,2423,0.9978375038616002
24031701004,24031,6018,2539,0.994629070157771
24031700308,24031,6267,3299,0.996059889676911
24031700400,24031,2261,869,1.0
24031700610,24031,2111,872,0.982363315696649
24031700713,24031,6128,3166,1.0
24031701211,24031,6796,3654,0.9738339021615472
24047950800,24047,5134,2054,1.0
24047950900,24047,1930,848,0.9933899905571294
24047951000,24047,4553,2110,1.0
24047951100,24047,7123,2315,1.0
24047951200,24047,3454,1562,1.0
24510200600,24510,2311,1185,1.0
24510200701,24510,4797,2157,1.0
24510270803,24510,6367,3058,0.9981191222570532
24510270901,24510,4525,2115,0.991499227202473
24510271400,24510,4015,1619,1.0
24510271600,24510,4066,1943,1.0
24510280302,24510,2538,1274,1.0
24510200702,24510,1026,535,1.0
24510230100,24510,1872,1137,1.0
24510250205,24510,4008,1777,1.0
24510270402,24510,3792,1774,1.0
24510250402,24510,4614,2320,1.0
24510260501,24510,5186,2546,0.9950513894175866
24510261100,24510,1813,1349,0.9952734638757597
24510270502,24510,4229,2292,0.9960629921259843
24510270703,24510,2996,1654,0.9776507276507277
24510271001,24510,2515,1212,1.0
24027606601,24027,3119,1314,0.9786566227244193
24033806501,24033,5415,2640,1.0
24033806710,24033,4992,2574,1.0
24033806712,24033,3109,1509,0.980083857442348
24033807000,24033,6762,2866,1.0
24033800507,24033,3225,1963,0.9932301740812379
24033802203,24033,4903,1984,1.0
24033802700,24033,2942,1388,0.987220447284345
24033803001,24033,2966,1469,1.0
24033803605,24033,6897,3548,0.9982822085889571
24033803801,24033,2374,1147,1.0
24033804101,24033,3542,1722,1.0
24033804102,24033,5707,3207,0.9950207468879668
24033804400,24033,2517,1185,0.9877675840978594
24033805000,24033,6273,2873,1.0
24033806100,24033,4118,2262,1.0
24033806900,24033,5078,2805,0.9946967185946304
24033807102,24033,2631,1577,1.0
24033807407,24033,5526,2959,1.0
24033800408,24033,6985,3384,1.0
24033800403,24033,3773,1871,0.9891205802357208
24033801003,24033,5543,2972,0.9838854073410922
24033801004,24033,4931,2467,0.9817251461988304
24033801005,24033,4143,2132,1.0
24033801006,24033,3839,1903,1.0
24033801208,24033,4744,2293,1.0
24033801209,24033,4698,2248,0.9947009841029523
24033801210,24033,4086,1867,1.0
24017850711,24017,5287,2694,0.9886135298057602
24017850712,24017,5504,2738,0.9790951638065523
24017850713,24017,8375,4376,0.9776038269188954
24017851301,24017,5385,2423,0.9884348496530455
24017851302,24017,4805,2457,0.9966485127775451
24017851500,24017,9466,4826,0.9605593402653281
24017990000,24017,0,0,0.0
24019970702,24019,3993,1630,1.0
24019970804,24019,2174,869,1.0
24019990000,24019,0,0,0.0
24021740200,24021,4949,2375,0.9922623434045689
24021750503,24021,7446,3890,1.0
24021750504,24021,5385,2243,1.0
24021750505,24021,8253,4462,1.0
24021750506,24021,4310,1879,1.0
24021750701,24021,5438,2934,0.9957882069795427
24021750702,24021,3384,1597,1.0
24021750801,24021,2906,1294,1.0
24021750802,24021,5815,2412,0.9926312557568314
24021750803,24021,6099,3274,0.9966015293118097
24021751001,24021,1185,579,0.9842105263157894
24021751002,24021,5293,2560,0.9958651399491094
24021751003,24021,5685,3246,1.0
24021751004,24021,4495,2276,1.0
24021751201,24021,5364,2256,0.9099411153446484
24021751202,24021,6537,3274,0.9901719901719902
24021751203,24021,1957,837,1.0
24021751301,24021,4448,1898,1.0
24021751302,24021,3081,1395,1.0
24021751701,24021,2396,1117,0.9956363636363637
24037876100,24037,7525,3428,0.981590181430096
24037876200,24037,6915,2423,0.9848631239935588
24037990000,24037,0,0,0.0
24039930101,24039,7235,1969,1.0
24039930102,24039,3745,1711,1.0
24039930200,24039,1594,591,1.0
24039930300,24039,2418,951,1.0
24039930500,24039,4046,1631,1.0
24039930600,24039,2702,1096,1.0
24039990100,24039,0,0,0.0
24041960201,24041,4242,1276,1.0
24041960501,24041,4697,1897,0.9888268156424581
24041960502,24041,3778,1387,1.0
24041990000,24041,0,0,0.0
24045010501,24045,5864,2429,1.0
24045010502,24045,9862,2787,0.9974184030979163
24045010605,24045,4578,2067,1.0
24045010606,24045,4214,1828,1.0
24047950000,24047,1702,703,1.0
24047950100,24047,2329,1026,0.9902475618904726
24047950300,24047,2971,1036,1.0
24047950400,24047,2820,1268,1.0
24047950600,24047,3090,967,1.0
24047950700,24047,2535,903,1.0
24013507601,24013,4609,2218,0.9966367713004485
24013507801,24013,6222,2582,1.0
24013510000,24013,1431,589,0.9958100558659218
24013507602,24013,4174,1832,1.0
24013507802,24013,4736,2155,1.0
24013514201,24013,5054,2250,0.9975360788454769
24013507702,24013,3707,1606,1.0
24035810800,24035,5918,2668,0.9951659684176604
24035810500,24035,5513,2174,0.9952881478796666
24035810200,24035,2660,1200,1.0
24005408704,24005,5720,2303,1.0
24005411306,24005,5281,2920,1.0
24005411404,24005,3720,1816,0.9976905311778291
24005420303,24005,1272,627,1.0
24005430300,24005,5682,2556,1.0
24005440400,24005,5264,2692,1.0
24005450501,24005,4185,2024,1.0
24005400400,24005,5738,2540,0.9929143561306223
24005400702,24005,2017,978,1.0
24005402307,24005,6370,3333,1.0
24005402602,24005,2197,1047,1.0
24025303205,24025,1619,745,0.9896373056994818
24025303206,24025,3749,1770,0.9956395348837209
24025303502,24025,3524,1602,1.0
24025303605,24025,6210,2771,1.0
24025303802,24025,2182,1174,1.0
24025303803,24025,4789,2168,1.0
24025304101,24025,4548,1945,1.0
24025304102,24025,4046,1830,1.0
24025306500,24025,3083,1441,0.6573660714285714
24027601103,24027,6201,2920,0.9769636414099362
24027601104,24027,6683,3251,0.9945652173913043
24027601105,24027,4742,2575,0.9937391304347826
24027601107,24027,5434,2873,0.9923224568138196
24027601108,24027,3914,2261,0.9926470588235294
24005402603,24005,6490,3121,1.0
24005403202,24005,2256,914,1.0
24005403803,24005,3445,1084,1.0
24005404202,24005,8684,3571,0.989731768650461
24005403100,24005,2459,977,1.0
24005404501,24005,6947,3455,1.0
24005408506,24005,4820,2607,1.0
24005408507,24005,6470,4057,1.0
24005411101,24005,2128,971,1.0
24005411201,24005,3176,1240,1.0
24041960600,24041,1788,622,1.0
24041960700,24041,3513,1079,1.0
24041960400,24041,5137,2215,1.0
24041960300,24041,3724,1674,1.0
24041960800,24041,2123,701,1.0
24033805101,24033,3863,1999,1.0
24033801802,24033,3547,1569,1.0
24033801807,24033,4888,2595,1.0
24033802104,24033,1941,1020,1.0
24033800601,24033,1853,923,1.0
24033801307,24033,3909,1518,0.9953531598513011
24033801600,24033,2318,1277,1.0
24033801704,24033,5018,2904,1.0
24033801706,24033,1560,805,1.0
24033801906,24033,1825,789,0.9989550679205852
24033801801,24033,2089,1131,1.0
24033801804,24033,2147,938,1.0
24033801808,24033,4168,1855,1.0
24033802001,24033,5381,2974,1.0
24033802501,24033,2223,1173,1.0
24033802803,24033,5526,2816,1.0
24033803002,24033,2569,1339,1.0
24033803200,24033,2903,1542,1.0
24033803509,24033,3095,1471,1.0
24033803514,24033,4694,2682,1.0
24033804700,24033,3465,1682,0.9957963568425969
24033806000,24033,5174,2761,1.0
24033800203,24033,4655,2088,1.0
24033800209,24033,4404,2333,0.9815758526068209
24033800511,24033,5136,2657,0.9941103533787973
24033800900,24033,1517,645,1.0
24033801302,24033,2638,1290,0.9836494440810988
24013514202,24013,3358,1570,1.0
24013511000,24013,3638,1805,1.0
24013512000,24013,1445,606,1.0
24013505101,24013,3946,1908,1.0
24031700816,24031,8249,4321,1.0
24031700903,24031,2424,1230,1.0
24031701101,24031,4932,2509,1.0
24031701410,24031,9577,4614,1.0
24031701505,24031,7737,3514,1.0
24031701701,24031,3826,1921,1.0
24031702800,24031,5454,2923,0.9962162162162163
24031703202,24031,6267,2761,1.0
24031703301,24031,5223,2647,1.0
24031700608,24031,5607,2382,0.9949928469241774
24031700706,24031,4508,2560,0.9942660550458715
24031701202,24031,2646,1091,1.0
24031701206,24031,6298,2551,1.0
24031701212,24031,2666,1041,1.0
24031702000,24031,5653,2667,1.0
24031701213,24031,6892,3724,0.9908092355973996
24031701215,24031,5703,3299,0.9913213885778276
24031701506,24031,4896,1927,1.0
24031703000,24031,1758,850,1.0
24031703208,24031,5826,2318,0.9910681056940827
24031703214,24031,8173,3994,0.9935078987232201
24031703501,24031,6605,3398,1.0
24031703502,24031,2787,1255,0.9475015812776724
24031703602,24031,3043,1574,0.9950765864332604
24031704000,24031,6468,2955,0.9915230291042667
24031704501,24031,3475,1552,0.9872679045092838
24031704503,24031,4011,1799,0.984903934126258
24047951300,24047,2786,1263,1.0
24047951400,24047,3212,1338,1.0
24047951500,24047,4504,1745,1.0
24047951700,24047,3622,1623,0.9967532467532467
24047980000,24047,0,0,0.0
24047990000,24047,0,0,0.0
24510120201,24510,2227,1235,1.0
24510272004,24510,3924,1705,1.0
24510120202,24510,5272,1449,1.0
24510272005,24510,3378,1251,1.0
24510272006,24510,3488,1122,1.0
24510272007,24510,4747,1837,1.0
24510280500,24510,2173,939,1.0
24510020100,24510,1636,1191,0.9958298582151793
24510060100,24510,2653,1510,1.0
24510090200,24510,2756,1389,1.0
24510090600,24510,3010,1255,1.0
24033800606,24033,4908,2848,0.9903969270166453
24033801407,24033,6574,3257,1.0
24033802405,24033,3809,1829,1.0
24033802600,24033,3360,1812,1.0
24033803402,24033,4059,1776,0.9963954685890835
24003751600,24003,5297,1304,1.0
24003751700,24003,2767,1296,0.9870466321243523
24003980000,24003,6,1,0.0
24003990000,24003,0,0,0.0
24005402407,24005,1416,789,1.0
24005401506,24005,5053,2897,1.0
24005401507,24005,6427,3322,1.0
24005402406,24005,5751,3069,1.0
24005430104,24005,2919,1591,0.9978249048395867
24005492500,24005,3031,218,0.9680851063829787
24005492600,24005,3605,1672,1.0
24005980100,24005,0,0,0.0
24005980200,24005,0,0,0.0
24009990100,24009,0,0,0.0
24011955202,24011,2037,907,1.0
24011955301,24011,4341,1808,1.0
24003740105,24003,3620,1886,0.9781659388646288
24003706401,24003,7066,3342,1.0
24003706402,24003,3592,1851,0.9912832929782083
24003730700,24003,6914,2949,0.9899721448467966
24003731203,24003,6931,3255,0.9915634062747166
24003740500,24003,10576,6089,0.9867785044071652
24003740601,24003,4900,2490,0.63668430335097
24003750101,24003,3944,1908,0.9934077079107505
24003750801,24003,6234,3165,0.982028241335045
24003731201,24003,6644,2755,0.9799943646097492
24003740103,24003,8761,4586,0.9565481002425222
24003730902,24003,3664,1556,0.9625064201335388
24003750202,24003,3621,1644,0.99679658302189
24510010300,24510,2380,1841,0.9873684210526316
24510080301,24510,1759,782,1.0
24510110100,24510,3177,2512,0.9923413566739606
24510090300,24510,4476,2301,0.9950517318938371
24510100300,24510,3326,2652,0.0
24510120400,24510,1842,1031,0.9946865037194474
24510130600,24510,3614,2732,1.0
24510130804,24510,1993,1296,1.0
24510160200,24510,2479,875,1.0
24510160400,24510,1937,769,1.0
24510160700,24510,4543,2014,1.0
24510170200,24510,2705,1060,1.0
24510180100,24510,2185,909,1.0
24510180300,24510,1732,1274,1.0
24005402509,24005,10401,4940,0.9972231296961778
24005403401,24005,3533,1535,1.0
24005403402,24005,5392,2256,1.0
24005404101,24005,6330,3621,1.0
24005404102,24005,6235,3147,1.0
24005404403,24005,5162,2450,1.0
24005411302,24005,3947,1873,0.9887640449438202
24005411406,24005,4175,1891,1.0
24005420301,24005,2296,1103,1.0
24005410200,24005,4844,2069,1.0
24005404600,24005,2668,1155,1.0
24005404900,24005,4550,2018,1.0
24005411408,24005,3824,2177,1.0
24005420302,24005,2462,1310,1.0
24005420500,24005,3672,1845,1.0
24005420701,24005,2975,1436,1.0
24005420702,24005,2121,966,1.0
24005421300,24005,2827,1269,1.0
24005430200,24005,2795,1388,0.9805630026809652
24005440701,24005,6712,3678,1.0
24005440702,24005,4822,2529,0.9919383105502979
24005450200,24005,3196,1356,1.0
24005450504,24005,5143,2563,1.0
24025302901,24025,2550,1151,1.0
24025303900,24025,2397,1150,1.0
24025304201,24025,6675,2956,1.0
24025301601,24025,6110,2930,0.99207716155701
24025303300,24025,6215,2533,1.0
24025301302,24025,6982,3065,1.0
24001000300,24001,2707,1182,0.9790619765494137
24001000500,24001,2284,667,1.0
24001001700,24001,4526,1812,0.9922555663117134
24001001200,24001,3174,1287,1.0
24001001900,24001,2907,1282,0.9970126960418223
24001002100,24001,3010,1268,0.9963741841914431
24001001502,24001,2126,832,1.0
24031701002,24031,3945,1560,1.0
24031701005,24031,3339,1579,0.9932126696832579
24031701308,24031,3388,1482,1.0
24031703210,24031,3245,1573,0.9874015748031496
24031703404,24031,3158,1729,1.0
24031704502,24031,2546,1036,0.9942903752039152
24031705300,24031,1886,676,1.0
24031705601,24031,2762,1197,1.0
24031706008,24031,5305,1999,1.0
24003740104,24003,8912,4582,0.9729833301398736
24003707001,24003,5738,2778,0.9880059970014993
24005400701,24005,2815,1525,1.0
24005401101,24005,5939,3093,1.0
24005401200,24005,3142,1430,1.0
24005401302,24005,2756,1431,1.0
24510260302,24510,6634,3187,1.0
24510260700,24510,2933,1632,0.9924002533248891
24510260900,24510,3359,2467,1.0
24510261000,24510,2824,1425,1.0
24510270101,24510,1638,787,1.0
24510271900,24510,3794,1700,1.0
24510272003,24510,6229,2230,1.0
24033801211,24033,3274,1468,1.0
24033801212,24033,3278,1691,0.994475138121547
24033801213,24033,3536,1544,0.9925925925925926
24033801214,24033,4423,1963,0.9932375316990701
24033801215,24033,2635,1461,1.0
24033801216,24033,3770,1835,1.0
24033801217,24033,3986,1773,0.9918621349928195
24033801310,24033,6194,3025,1.0
24033801311,24033,7073,3397,0.9970066774119273
24027601203,24027,7315,4201,0.9616653973089616
24027601204,24027,6085,3058,0.9828120597351366
24027602201,24027,3493,1781,0.9937073938122706
24027602202,24027,5732,2678,1.0
24027603001,24027,6484,2687,1.0
24027603003,24027,4089,1842,0.9880899867666519
24027603004,24027,7056,3334,1.0
24027605103,24027,5124,2255,1.0
24027605104,24027,5566,2381,1.0
24027605504,24027,2650,1401,0.9939613526570048
24027605505,24027,6301,2957,0.9970202622169249
24027606606,24027,5316,2620,0.9924910218739798
24027606607,24027,4760,2088,0.9967767929089444
24027606706,24027,4854,2333,0.973916108565386
24027606707,24027,3945,2048,0.9956349206349207
24027606805,24027,4414,2004,0.9909520062942565
24027606806,24027,8505,3984,0.9734742290273884
24027606904,24027,4686,2430,0.9963289280469897
24027606905,24027,6677,3424,0.9736842105263158
24027606906,24027,6361,3284,0.9837925445705025
24027606907,24027,6842,3656,0.9792105263157894
24005404201,24005,6133,3072,1.0
24021751702,24021,3889,1714,1.0
24021751802,24021,3436,1664,1.0
24021751903,24021,5960,2837,1.0
24021751801,24021,4972,2537,0.9954735376044568
24021751901,24021,4481,2073,0.9923664122137404
24021751902,24021,5876,2863,1.0
24021751904,24021,3408,1584,0.9947312961011591
24021752001,24021,5001,2479,1.0
24021752101,24021,3442,1633,1.0
24021752102,24021,4971,2281,0.9963662790697675
24021752201,24021,2177,920,1.0
24021752202,24021,4693,2249,0.9972773239984442
24021752204,24021,8605,4438,1.0
24005400600,24005,3075,1634,1.0
24005402302,24005,5522,2519,1.0
24005440200,24005,2379,1095,1.0
24005420900,24005,3441,1711,0.9955290611028316
24005421101,24005,2740,1160,1.0
24005421200,24005,1827,787,1.0
24005440900,24005,4014,2044,1.0
24005441102,24005,4965,2013,1.0
24005450503,24005,6214,2781,1.0
24005450800,24005,4211,1615,1.0
24005451900,24005,2591,1131,0.9967767929089444
24005490302,24005,4651,1109,0.9513568868407578
24005490400,24005,1777,742,1.0
24005490500,24005,3575,1376,1.0
24005490603,24005,2329,1039,1.0
24005490703,24005,3028,1323,1.0
24005450100,24005,3629,1687,1.0
24005450400,24005,2297,1032,0.9961389961389961
24005451600,24005,1964,909,1.0
24005490601,24005,2163,1008,0.9956822107081175
24005490900,24005,4074,1588,1.0
24005491201,24005,1581,731,1.0
24005492001,24005,1272,662,1.0
24005492101,24005,3766,1579,1.0
24003750804,24003,3294,1560,0.984180790960452
24003731307,24003,6238,3034,0.986831496909433
24033801308,24033,3743,1764,0.9889184397163121
24033801500,24033,2603,1160,1.0
24033801901,24033,4877,2157,0.9973929236499068
24031703601,24031,4442,2274,1.0
24031704300,24031,3994,1703,0.9862272503689129
24510090900,24510,2691,1011,0.9787234042553191
24510100100,24510,2259,1214,1.0
24510150100,24510,2172,1047,1.0
24510150900,24510,3371,1644,1.0
24510200400,24510,1519,725,1.0
24510200500,24510,2709,1266,1.0
24510250101,24510,4116,2141,1.0
24510250600,24510,0,0,0.0
24510260404,24510,2061,1096,1.0
24510270102,24510,3774,1690,0.9891355692017005
24510270501,24510,4010,1912,1.0
24510270801,24510,4087,2307,1.0
24510271700,24510,4624,1972,1.0
24510280200,24510,5122,2131,1.0
24510280301,24510,3912,1965,1.0
24510160801,24510,3052,1413,1.0
24510160802,24510,3368,1450,1.0
24510060300,24510,1881,1127,0.9945897204688909
24510080101,24510,3869,1996,1.0
24510080302,24510,2906,1222,1.0
24510080500,24510,1410,537,1.0
24510120500,24510,2190,1320,1.0
24510130300,24510,2222,1036,1.0
24510130803,24510,2443,1491,1.0
24510140100,24510,4455,2002,0.9946524064171123
24510150500,24510,1477,604,1.0
24510010400,24510,2834,2151,0.9939731108020399
24510020200,24510,1678,1190,0.9974937343358395
24510030100,24510,2386,1314,1.0
24510030200,24510,2273,1387,1.0
24510070100,24510,2966,994,0.9703557312252964
24510200100,24510,1824,845,1.0
24510160300,24510,968,406,1.0
24031701421,24031,1657,867,1.0
24031701422,24031,2939,1532,1.0
24031701509,24031,6765,3110,0.9961779961779962
24031701420,24031,6292,2089,1.0
24031701423,24031,5117,2574,1.0
24031701508,24031,3878,2016,1.0
24031701601,24031,2515,1244,1.0
24031701602,24031,7759,3782,1.0
24031703216,24031,3733,1023,1.0
24031703218,24031,1934,112,1.0
24031703219,24031,3361,176,1.0
24031703220,24031,5622,2346,1.0
24031703221,24031,5625,2361,0.9906259449652253
24031704403,24031,1559,634,0.9850267379679144
24031704404,24031,5288,2459,0.9942999643747773
24031704803,24031,4017,2333,0.9866619866619867
24031704804,24031,1819,1037,0.964735516372796
24031704805,24031,2154,1265,0.9901616303583978
24031704806,24031,3699,2634,0.9824745881528216
24031705501,24031,2639,832,1.0
24031705502,24031,3941,1603,1.0
24031706010,24031,2987,1162,1.0
24031706011,24031,5449,2090,0.9962811454072146
24031706012,24031,3259,1427,1.0
24031706013,24031,2889,1249,0.9962658700522778
24033800108,24033,3373,1941,0.9851714550509731
24033800109,24033,3720,1754,1.0
24033800212,24033,4931,2387,0.9842951059167275
24033800213,24033,4443,2455,0.9943052391799544
24033800214,24033,2900,1598,0.9830508474576272
24033800215,24033,2733,1534,0.9943566591422122
24033800410,24033,7077,2977,0.9918076109936576
24033800411,24033,3995,1865,1.0
24033800412,24033,3664,1557,1.0
24033800413,24033,4219,2090,1.0
24033800513,24033,6319,2991,0.9939740885808979
24033800514,24033,6015,3098,0.9912945801741084
24033800515,24033,4600,2390,0.9912440715067493
24033800516,24033,3932,1924,1.0
24033800518,24033,3892,1855,1.0
24033800519,24033,4261,2065,1.0
24033800520,24033,2055,1088,1.0
24031700101,24031,4653,1966,0.9977307110438729
24031700205,24031,12514,6328,0.9969293756397134
24031700500,24031,6738,3102,0.9928196630764982
24031700607,24031,7424,3440,1.0
24031700811,24031,4352,2002,0.9922826969943136
24031700817,24031,7808,4636,0.9915074309978769
24031701102,24031,6630,3408,0.9989634620367971
24031701306,24031,2808,1287,1.0
24031701201,24031,5643,2806,0.9629390912020626
24031701205,24031,7102,3195,0.9922231161169214
24031701210,24031,4048,1607,1.0
24031701303,24031,3401,1277,0.985466741196199
24031701409,24031,4509,1902,0.998046875
24031701503,24031,6611,2860,1.0
24031702402,24031,5142,2926,1.0
24031703201,24031,7905,3693,0.996542783059637
24031703215,24031,3648,1637,0.9947191550648103
24510200800,24510,2170,1008,1.0
24510240200,24510,2746,1834,0.9961389961389961
24510250204,24510,4312,1491,1.0
24510250206,24510,2250,1055,1.0
24510250500,24510,4252,2245,1.0
24510260101,24510,5116,2690,1.0
24510260301,24510,4741,2101,1.0
24510270600,24510,5170,2873,1.0
24510010100,24510,3035,2178,0.9921767142199723
24510010500,24510,1888,1304,1.0
24510070200,24510,3696,1631,1.0
24510070300,24510,900,454,1.0
24510070400,24510,1601,852,1.0
24510080400,24510,1263,656,0.9915824915824916
24510130100,24510,2558,1527,1.0
24510130200,24510,2751,1235,1.0
24510130806,24510,1423,850,1.0
24510200200,24510,2072,802,1.0
24003730502,24003,6662,3081,0.9770021645021645
24003730504,24003,7463,3959,0.9912023460410557
24003731002,24003,3457,1592,0.9975198412698413
24003731310,24003,5222,2482,0.9812565081568899
24003731311,24003,7792,4001,0.9672027084214981
24031704401,24031,3289,1536,0.9924065420560748
24031705100,24031,5133,2020,0.9826429980276135
24031705400,24031,2973,1196,1.0
24031700905,24031,3869,2045,1.0
24031700711,24031,6481,2938,1.0
24031700812,24031,4060,1916,1.0
24031700819,24031,6960,3754,0.9963393626184324
24031701307,24031,4409,1905,1.0
24031702200,24031,4325,2239,0.9933944954128441
24031703206,24031,3780,1719,0.9836852207293666
24031703207,24031,6302,2795,1.0
24031703212,24031,9711,4586,0.9975939292985379
24031704600,24031,4919,2294,0.9836065573770492
24031705602,24031,4626,2269,0.9886765746638358
24031705701,24031,4452,1845,0.9969040247678018
24031706005,24031,4446,1712,0.9890424011434016
24031703901,24031,3384,1719,1.0
24031705702,24031,4578,1625,1.0
24031705800,24031,6351,2599,0.990737974305348
24031705903,24031,4501,1901,1.0
24031701414,24031,7396,3132,1.0
24031701313,24031,3796,1756,0.9961636828644501
24031701703,24031,3589,1880,0.9969162995594714
24031701704,24031,2935,1391,1.0
24031702302,24031,4091,1782,1.0
24031702602,24031,5343,3076,0.9937533948940793
24031703209,24031,6908,3631,0.9939194324803649
24031700204,24031,1895,786,0.9950592885375494
24031700304,24031,8223,4343,0.9866051822573562
24031700704,24031,3020,1560,0.9791108730583824
24031700207,24031,5442,2653,0.9970836033700583
24031700208,24031,2266,1078,0.9886277482941622
24031700311,24031,10111,5396,0.9965765765765766
24029990000,24029,0,0,0.0
24031700104,24031,5695,2812,0.9931951747602845
24031700105,24031,6397,3034,1.0
24031700312,24031,7294,3761,0.9926249658563234
24031700611,24031,5762,2755,0.9969059405940595
24510080800,24510,1583,601,1.0
24510080102,24510,2159,1043,1.0
24510080200,24510,1164,480,1.0
24017850906,24017,4407,2349,0.9718890554722639
24017851100,24017,3080,1353,1.0
24017851400,24017,8492,4030,0.9892177589852008
24017850300,24017,1895,893,0.9717573221757322
24017850400,24017,3468,1549,0.9843648208469056
24017851200,24017,4813,1998,0.9891402714932127
24017850600,24017,4915,2299,0.9888888888888889
24017850801,24017,4935,2309,0.995686274509804
24017850201,24017,1039,416,0.5480378890392422
24017850202,24017,4822,2301,0.983454398708636
24017850500,24017,2905,1308,0.9942270686337396
24033800607,24033,5962,3010,0.9951113525258012
24001001800,24001,4668,1105,0.9975062344139651
24001002000,24001,5305,2327,1.0
24001001300,24001,5394,3887,1.0
24001000200,24001,3977,2281,1.0
24001000700,24001,3354,1344,1.0
24001000800,24001,1992,881,1.0
24001001000,24001,2158,926,1.0
24001001100,24001,1312,572,1.0
24001001401,24001,3794,1803,1.0
24001001600,24001,1826,678,1.0
24001002200,24001,4163,1774,1.0
24001001402,24001,1532,677,1.0
24510120700,24510,2207,1472,1.0
24510130400,24510,2171,1029,0.9941245593419507
24510130700,24510,4734,2452,1.0
24510140300,24510,1932,1091,1.0
24510170100,24510,1594,929,1.0
24510180200,24510,947,512,1.0
24510190300,24510,2158,967,1.0
24510250102,24510,2732,1471,1.0
24510250301,24510,2303,985,1.0
24510250401,24510,3959,1993,1.0
24510080700,24510,604,318,1.0
24510130805,24510,1017,433,1.0
24510210100,24510,2470,1537,0.9971590909090909
24510270701,24510,2106,1331,1.0
24027602303,24027,3822,1768,1.0
24027602800,24027,6352,2977,0.9950684931506849
24027604001,24027,6375,2727,1.0
24027605602,24027,8670,4224,0.9855072463768116
24027606701,24027,2784,1225,0.9916724496877168
24027606704,24027,6899,3137,0.9817803227485684
24027602306,24027,5409,2468,0.9803715387311602
24027602600,24027,8170,4164,0.985663082437276
24027602302,24027,7212,3835,0.9928622412562456
24027605503,24027,5972,2519,0.9952290076335878
24027602305,24027,3979,1563,1.0
24027605401,24027,5250,2759,0.9934469200524246
24027602700,24027,5806,2664,0.9970462750246144
24027602900,24027,4590,2417,0.9957380860131732
24027604002,24027,8488,3615,0.9929203539823008
24027605102,24027,11324,5202,0.9961458166051068
24027605402,24027,7695,3766,0.9783783783783784
24027606604,24027,4493,2246,0.9944690265486725
24027601201,24027,8763,4747,0.9685354691075515
24027602100,24027,8089,3437,1.0
24027602304,24027,5097,2117,0.9917087238644556
24027605502,24027,5226,2525,0.9903412749517064
24027606705,24027,2030,908,0.9914089347079038
24027606803,24027,5452,2789,0.9955555555555555
24021751600,24021,3037,1329,1.0
24021752900,24021,3115,1327,0.9780426599749059
24021750100,24021,1454,895,0.9923882017126546
24021750300,24021,1713,1026,1.0
24021750200,24021,1650,895,1.0
24021750600,24021,2577,869,1.0
24009860102,24009,2990,1303,0.991725015913431
24001000600,24001,2852,1114,1.0
24001000400,24001,2979,1249,1.0
24001000100,24001,3581,1487,1.0
24001001503,24001,1824,804,1.0
24027605601,24027,6495,3070,0.9866258010587907
24027606603,24027,8347,4144,0.9867333623314485
24027606804,24027,3474,1753,0.9942140790742526
24027606901,24027,6244,3322,0.9871899700190788
24009861003,24009,5694,2995,0.9761826000661594
24009861004,24009,6849,3422,1.0
24510080600,24510,1932,965,1.0
24510090400,24510,1520,711,1.0
24510090700,24510,2950,1377,1.0
24510120300,24510,4153,2679,0.9965129794653235
24510120600,24510,2814,1781,0.9920371599203716
24510140200,24510,2906,1283,1.0
24510150200,24510,2330,1023,1.0
24510150600,24510,2726,1412,1.0
24510160500,24510,3934,1930,1.0
24510151000,24510,4794,2523,1.0
24510151200,24510,4113,1782,1.0
24510160100,24510,1936,918,1.0
24510210200,24510,3529,1969,1.0
24510240300,24510,1977,1311,0.9823788546255506
24510260203,24510,3070,1457,1.0
24510260604,24510,1492,541,1.0
24510270200,24510,1870,995,1.0
24510040100,24510,5051,3684,1.0
24510040200,24510,984,395,1.0
24510060200,24510,3037,1837,0.9946428571428572
24510090500,24510,1747,779,1.0
24510090800,24510,2709,1084,1.0
24510120100,24510,4787,2057,1.0
24017850901,24017,5230,2354,0.9939140357550399
24017850905,24017,4426,2403,0.9968835216205687
24017850802,24017,5527,2685,0.9905594405594406
24017850904,24017,10112,5196,0.9667519181585678
24017851002,24017,9502,4392,0.9793857803954564
24017851001,24017,4084,1972,0.9792503346720214
24019970200,24019,5687,2809,0.9996894409937889
24019970100,24019,2897,1303,1.0
24019970300,24019,4395,1694,1.0
24019970500,24019,3574,1231,1.0
24019970900,24019,1215,476,1.0
24019970400,24019,3612,1807,0.9956793086893903
24019970600,24019,4591,2191,1.0
24043000100,24043,3482,1657,1.0
24043000200,24043,3779,1807,1.0
24043000800,24043,3322,1733,0.9944954128440368
24003750201,24003,3395,1573,1.0
24003750400,24003,3906,1791,0.9970588235294118
24003701300,24003,8019,3404,0.9881802511696627
24003702602,24003,6536,2879,0.9994574064026045
24003706600,24003,5069,2259,0.9895795903701042
24003731102,24003,7405,3262,0.993413314514232
24003731303,24003,6520,2796,1.0
24003731308,24003,3874,1760,0.9857773418342325
24005402303,24005,6799,3115,1.0
24005402306,24005,4068,2024,1.0
24005402506,24005,4619,2181,1.0
24005403801,24005,1655,665,1.0
24005420800,24005,3046,1177,1.0
24005430400,24005,4196,2239,1.0
24005430600,24005,2320,1158,1.0
24005450300,24005,3213,1400,1.0
24005451701,24005,4358,2333,0.9878649981039059
24017850710,24017,5850,2883,0.9745183343691733
24033804600,24033,3211,1575,1.0
24033803508,24033,4401,1901,1.0
24033805201,24033,4561,2047,1.0
24033805802,24033,4229,2137,1.0
24033801404,24033,5169,2923,0.9908869987849331
24033802502,24033,2221,993,1.0
24003701101,24003,4239,1829,0.9877085162423178
24009860703,24009,4011,1756,0.9664830119375574
24009860101,24009,3159,1562,0.977069351230425
24009860401,24009,10328,5059,0.9785848894980298
24009860402,24009,3599,1819,0.9614861803352968
24009860501,24009,7020,3234,0.9746804326450345
24009860502,24009,3087,1416,0.9756924816280385
24009860600,24009,7215,3405,0.9670479302832244
24009860300,24009,4614,1950,0.977319587628866
24009860900,24009,7667,3665,1.0
24023000200,24023,4149,1614,1.0
24023000300,24023,2831,1312,1.0
24023000600,24023,5717,2613,0.9967509025270758
24023000400,24023,2803,1201,1.0
24023000500,24023,4280,1638,1.0
24023000700,24023,5756,2547,1.0
24023000100,24023,3699,1784,1.0
24029950500,24029,2489,900,1.0
24029950200,24029,4598,1953,0.994621431526686
24029950400,24029,3033,991,1.0
24029950300,24029,5709,1827,0.9971919971919971
24029950100,24029,3707,1723,1.0
24031701800,24031,4982,2402,1.0
24031702900,24031,5215,2734,1.0
24031703402,24031,3645,1845,0.9959331224582015
24031703213,24031,5869,3206,1.0
24031703302,24031,4172,2098,1.0
24031703401,24031,5479,2706,1.0
24031703701,24031,4464,2135,0.9916349809885932
24031703702,24031,4365,2525,0.9931389365351629
24031704100,24031,4983,1931,0.9926948051948052
24031705901,24031,4473,1798,1.0
24031700309,24031,5600,2917,0.987800857237059
24031700715,24031,6556,3076,1.0
24031700810,24031,5160,2365,1.0
24031700815,24031,7824,3810,1.0
24031700902,24031,4242,2205,0.9868073878627969
24005451801,24005,6246,2935,1.0
24005490100,24005,3810,1516,1.0
24005490200,24005,2824,1261,1.0
24005491100,24005,3959,1946,1.0
24005491202,24005,1823,961,1.0
24005491701,24005,3958,1855,0.9903846153846154
24005400100,24005,4835,1159,0.9791666666666666
24005402201,24005,3526,1552,1.0
24005408100,24005,5686,2280,1.0
24005411303,24005,6400,2900,1.0
24005420402,24005,1944,962,1.0
24009860801,24009,6900,3134,0.9890462196099385
24043000700,24043,3375,1623,1.0
24510150701,24510,1599,754,1.0
24510150300,24510,2079,1106,1.0
24510150702,24510,2139,1082,1.0
24510151100,24510,7440,3136,1.0
24510151300,24510,4379,2168,1.0
24510190100,24510,2305,1051,1.0
24510190200,24510,1538,767,1.0
24510220100,24510,4447,2598,1.0
24510230300,24510,1408,1072,0.9949238578680203
24510250207,24510,2337,1120,1.0
24510250303,24510,2229,1133,0.9963235294117647
24510260202,24510,5681,2752,1.0
24009860702,24009,3256,1473,1.0
24009861001,24009,1148,508,1.0
